feature,importance,base_feature
amt,0.13966694,amt
transaction_hour,0.076921806,transaction_hour
category_gas_transport,0.06377129,category
category_shopping_net,0.051255737,category
category_food_dining,0.047799405,category
category_home,0.03983334,category
category_shopping_pos,0.031243455,category
category_grocery_net,0.029964045,category
time_since_last_transaction_minutes,0.029524775,time_since_last_transaction_minutes
category_entertainment,0.028269773,category
category_grocery_pos,0.028226262,category
category_misc_net,0.023193138,category
category_travel,0.021094745,category
category_misc_pos,0.019686755,category
state_NJ,0.017267214,state
category_personal_care,0.01724676,category
implied_travel_speed_kmh,0.0161082,implied_travel_speed_kmh
transaction_month,0.013195701,transaction_month
state_NM,0.0124388235,state
category_kids_pets,0.011284383,category
state_FL,0.010868856,state
state_OK,0.01062069,state
state_SC,0.01010973,state
state_CA,0.0099134,state
transaction_day_of_week,0.009847119,transaction_day_of_week
state_LA,0.009518818,state
state_OR,0.009409327,state
customer_age,0.009232,customer_age
state_DC,0.009098054,state
state_IA,0.008867186,state
city_pop,0.008609833,city_pop
state_GA,0.008363587,state
state_IN,0.008311923,state
state_AK,0.008274409,state
category_health_fitness,0.007990366,category
distance_from_last_transaction_km,0.007327909,distance_from_last_transaction_km
state_AR,0.0070770024,state
state_ME,0.007019969,state
state_OH,0.00675274,state
state_WV,0.006601677,state
state_MD,0.0065994705,state
state_AL,0.0062683555,state
state_MN,0.0062455847,state
distance_from_home_km,0.006148796,distance_from_home_km
state_KS,0.0061395,state
state_NC,0.0059780586,state
state_MI,0.005838328,state
state_WA,0.0056916275,state
state_AZ,0.0056644618,state
state_TX,0.005387566,state
state_MO,0.0050670076,state
state_NY,0.0049001696,state
state_WY,0.004597141,state
state_NE,0.0043749018,state
state_UT,0.0041815806,state
state_VT,0.0039695227,state
state_PA,0.0036780292,state
state_IL,0.0032599284,state
state_CO,0.0031866492,state
state_KY,0.0028530362,state
state_MA,0.002089062,state
state_VA,0.0018090687,state
state_SD,0.0012316915,state
state_MT,0.0012107046,state
is_weekend,0.0011034223,is_weekend
state_ID,0.00071921636,state
state_CT,0.0,state
state_HI,0.0,state
state_NH,0.0,state
state_ND,0.0,state
state_MS,0.0,state
state_NV,0.0,state
state_RI,0.0,state
state_TN,0.0,state
state_WI,0.0,state
